town,flat_type,block,street_name,flat_model
ANG MO KIO,1 ROOM,309,ANG MO KIO AVE 1,Improved
BEDOK,3 ROOM,216,ANG MO KIO AVE 3,New Generation
BISHAN,4 ROOM,211,ANG MO KIO AVE 4,"MODEL A, A2 & MODEL A-MAISONETTE"
BUKIT BATOK,5 ROOM,202,ANG MO KIO AVE 10,Standard & Simplified
BUKIT MERAH,2 ROOM,235,ANG MO KIO AVE 5,Others
BUKIT TIMAH,EXECUTIVE,232,ANG MO KIO AVE 8,Premium Apartment
CENTRAL AREA,MULTI GENERATION,308,ANG MO KIO AVE 6,Standard
CHOA CHU KANG,,220,ANG MO KIO AVE 9,Apartment
CLEMENTI,,219,ANG MO KIO AVE 2,Maisonette
GEYLANG,,247,BEDOK RESERVOIR RD,Multi Generation
HOUGANG,,320,BEDOK NTH ST 3,Adjoined flat
JURONG EAST,,252,BEDOK STH RD,Terrace
JURONG WEST,,223,NEW UPP CHANGI RD,DBSS
KALLANG/WHAMPOA,,230,BEDOK NTH RD,"Type S1, S2"
MARINE PARADE,,329,BEDOK STH AVE 1,
QUEENSTOWN,,313,CHAI CHEE RD,
SENGKANG,,117,CHAI CHEE DR,
SERANGOON,,110,BEDOK NTH AVE 4,
TAMPINES,,343,BEDOK STH AVE 3,
TOA PAYOH,,345,BEDOK STH AVE 2,
WOODLANDS,,346,BEDOK NTH ST 2,
YISHUN,,121,BEDOK NTH ST 4,
LIM CHU KANG,,129,BEDOK NTH AVE 2,
SEMBAWANG,,130,BEDOK NTH AVE 3,
BUKIT PANJANG,,128,BEDOK NTH AVE 1,
PASIR RIS,,127,BEDOK NTH ST 1,
PUNGGOL,,126,CHAI CHEE ST,
,,403,SIN MING RD,
,,404,SHUNFU RD,
,,405,BT BATOK ST 11,
,,417,BT BATOK WEST AVE 8,
,,418,BT BATOK WEST AVE 6,
,,419,BT BATOK ST 21,
,,441,BT BATOK EAST AVE 5,
,,442,BT BATOK EAST AVE 4,
,,443,HILLVIEW AVE,
,,444,BT BATOK CTRL,
,,450,BT BATOK ST 31,
,,435,BT BATOK EAST AVE 3,
,,433,TAMAN HO SWEE,
,,434,TELOK BLANGAH CRES,
,,424,BEO CRES,
,,425,TELOK BLANGAH DR,
,,466,DEPOT RD,
,,471,TELOK BLANGAH RISE,
,,474,JLN BT MERAH,
,,570,HENDERSON RD,
,,586,INDUS RD,
,,455,BT MERAH VIEW,
,,465,HENDERSON CRES,
,,463,BT PURMEI RD,
,,564,TELOK BLANGAH HTS,
,,560,EVERTON PK,
,,558,KG BAHRU HILL,
,,559,REDHILL CL,
,,538,HOY FATT RD,
,,534,HAVELOCK RD,
,,601,JLN KLINIK,
,,603,JLN RUMAH TINGGI,
,,604,JLN BT HO SWEE,
,,608,KIM CHENG ST,
,,611,MOH GUAN TER,
,,505,TELOK BLANGAH WAY,
,,503,KIM TIAN RD,
,,610,KIM TIAN PL,
,,607,EMPRESS RD,
,,524,QUEEN'S RD,
,,513,FARRER RD,
,,643,JLN KUKOH,
,,542,OUTRAM PK,
,,548,SHORT ST,
,,550,SELEGIE RD,
,,639,UPP CROSS ST,
,,637,WATERLOO ST,
,,330,QUEEN ST,
,,333,BUFFALO RD,
,,156,ROWELL RD,
,,152,ROCHOR RD,
,,178,BAIN ST,
,,180,SMITH ST,
,,209,VEERASAMY RD,
,,231,TECK WHYE AVE,
,,254,TECK WHYE LANE,
,,103,CLEMENTI AVE 3,
,,105,WEST COAST DR,
,,344,CLEMENTI AVE 2,
,,324,CLEMENTI AVE 5,
,,120,CLEMENTI AVE 4,
,,124,CLEMENTI AVE 1,
,,414,WEST COAST RD,
,,438,CLEMENTI WEST ST 1,
,,427,CLEMENTI WEST ST 2,
,,428,CLEMENTI ST 13,
,,473,C'WEALTH AVE WEST,
,,573,CLEMENTI AVE 6,
,,585,CLEMENTI ST 14,
,,456,CIRCUIT RD,
,,544,MACPHERSON LANE,
,,640,JLN PASAR BARU,
,,638,GEYLANG SERAI,
,,646,EUNOS CRES,
,,150,SIMS DR,
,,179,ALJUNIED CRES,
,,336,GEYLANG EAST AVE 1,
,,335,DAKOTA CRES,
,,401,PINE CL,
,,439,HAIG RD,
,,430,BALAM RD,
,,460,JLN DUA,
,,459,GEYLANG EAST CTRL,
,,716,EUNOS RD 5,
,,545,HOUGANG AVE 3,
,,620,HOUGANG AVE 5,
,,622,HOUGANG AVE 1,
,,259,HOUGANG ST 22,
,,101,HOUGANG AVE 10,
,,18,LOR AH SOO,
,,28,HOUGANG ST 11,
,,29,HOUGANG AVE 7,
,,30,HOUGANG ST 21,
,,75,TEBAN GDNS RD,
,,76,JURONG EAST AVE 1,
,,501,JURONG EAST ST 32,
,,502,JURONG EAST ST 13,
,,504,JURONG EAST ST 21,
,,2,JURONG EAST ST 24,
,,20,JURONG EAST ST 31,
,,21,PANDAN GDNS,
,,59,YUNG KUANG RD,
,,58,HO CHING RD,
,,55,HU CHING RD,
,,22,BOON LAY DR,
,,104,BOON LAY AVE,
,,107,BOON LAY PL,
,,69,JURONG WEST ST 52,
,,33,JURONG WEST ST 41,
,,46,JURONG WEST AVE 1,
,,116,JURONG WEST ST 42,
,,115,JLN BATU,
,,125,ST. GEORGE'S RD,
,,138,NTH BRIDGE RD,
,,87,FRENCH RD,
,,100,BEACH RD,
,,412,WHAMPOA DR,
,,402,UPP BOON KENG RD,
,,416,BENDEMEER RD,
,,136,WHAMPOA WEST,
,,529,LOR LIMAU,
,,510,KALLANG BAHRU,
,,525,GEYLANG BAHRU,
,,218,DORSET RD,
,,213,OWEN RD,
,,532,KG ARANG RD,
,,533,JLN BAHAGIA,
,,536,MOULMEIN RD,
,,537,TOWNER RD,
,,44,JLN RAJAH,
,,540,KENT RD,
,,702,AH HOOD RD,
,,615,KING GEORGE'S AVE,
,,712,CRAWFORD LANE,
,,50,MARINE CRES,
,,54,MARINE DR,
,,606,MARINE TER,
,,616,C'WEALTH CL,
,,15,C'WEALTH DR,
,,34,TANGLIN HALT RD,
,,36,C'WEALTH CRES,
,,35,DOVER RD,
,,41,MARGARET DR,
,,42,GHIM MOH RD,
,,53,DOVER CRES,
,,51,STIRLING RD,
,,8,MEI LING ST,
,,718,HOLLAND CL,
,,724,HOLLAND AVE,
,,166,HOLLAND DR,
,,71,DOVER CL EAST,
,,82,SELETAR WEST FARMWAY 6,
,,78,LOR LEW LIAN,
,,79,SERANGOON NTH AVE 1,
,,80,SERANGOON AVE 2,
,,134,SERANGOON AVE 4,
,,132,SERANGOON CTRL,
,,131,TAMPINES ST 11,
,,133,TAMPINES ST 21,
,,89,TAMPINES ST 91,
,,62,TAMPINES ST 81,
,,422,TAMPINES AVE 4,
,,507,TAMPINES ST 22,
,,508,TAMPINES ST 12,
,,517,TAMPINES ST 23,
,,95,TAMPINES ST 24,
,,93,TAMPINES ST 41,
,,43,TAMPINES ST 82,
,,543,TAMPINES ST 83,
,,547,TAMPINES AVE 5,
,,708,LOR 2 TOA PAYOH,
,,707,LOR 8 TOA PAYOH,
,,713,LOR 1 TOA PAYOH,
,,609,LOR 5 TOA PAYOH,
,,61,LOR 3 TOA PAYOH,
,,56,LOR 7 TOA PAYOH,
,,165,TOA PAYOH EAST,
,,710,LOR 4 TOA PAYOH,
,,613,TOA PAYOH CTRL,
,,602,TOA PAYOH NTH,
,,605,POTONG PASIR AVE 3,
,,112,POTONG PASIR AVE 1,
,,1,UPP ALJUNIED LANE,
,,722,JOO SENG RD,
,,72,MARSILING LANE,
,,31,MARSILING DR,
,,111,MARSILING RISE,
,,118,MARSILING CRES,
,,96,WOODLANDS CTR RD,
,,137,WOODLANDS ST 13,
,,139,WOODLANDS ST 11,
,,725,YISHUN RING RD,
,,24,YISHUN AVE 5,
,,304,YISHUN ST 72,
,,310,YISHUN ST 11,
,,160,YISHUN ST 21,
,,161,YISHUN ST 22,
,,164,YISHUN AVE 3,
,,177,CHAI CHEE AVE,
,,205,ZION RD,
,,248,LENGKOK BAHRU,
,,258,SPOTTISWOODE PK RD,
,,4,NEW MKT RD,
,,6,TG PAGAR PLAZA,
,,146,KELANTAN RD,
,,143,PAYA LEBAR WAY,
,,145,UBI AVE 1,
,,182,SIMS AVE,
,,228,YUNG PING RD,
,,227,TAO CHING RD,
,,244,GLOUCESTER RD,
,,113,BOON KENG RD,
,,163,WHAMPOA STH,
,,169,CAMBRIDGE RD,
,,204,TAMPINES ST 42,
,,135,LOR 6 TOA PAYOH,
,,184,KIM KEAT AVE,
,,225,YISHUN AVE 6,
,,123,YISHUN AVE 9,
,,307,YISHUN ST 71,
,,221,BT BATOK ST 32,
,,214,SILAT AVE,
,,142,TIONG BAHRU RD,
,,140,SAGO LANE,
,,141,ST. GEORGE'S LANE,
,,7,LIM CHU KANG RD,
,,40,C'WEALTH AVE,
,,77,QUEEN'S CL,
,,119,SERANGOON AVE 3,
,,114,POTONG PASIR AVE 2,
,,5,WOODLANDS AVE 1,
,,12,YISHUN AVE 4,
,,16,LOWER DELTA RD,
,,13,NILE RD,
,,108,JLN MEMBINA BARAT,
,,102,JLN BERSEH,
,,106,CHANDER RD,
,,63,CASSIA CRES,
,,60,OLD AIRPORT RD,
,,3,ALJUNIED RD,
,,19,BUANGKOK STH FARMWAY 1,
,,26,BT BATOK ST 33,
,,37,ALEXANDRA RD,
,,47,CHIN SWEE RD,
,,109,SIMS PL,
,,57,HOUGANG AVE 2,
,,48,HOUGANG AVE 8,
,,73,SEMBAWANG RD,
,,66,SIMEI ST 1,
,,264,BT BATOK ST 34,
,,271,BT MERAH CTRL,
,,664,LIM LIAK ST,
,,9,JLN TENTERAM,
,,10,WOODLANDS ST 32,
,,663,SIN MING AVE,
,,662,BT BATOK ST 52,
,,335B,DELTA AVE,
,,632,PIPIT RD,
,,633,HOUGANG AVE 4,
,,642,QUEENSWAY,
,,440,YISHUN ST 61,
,,509,BISHAN ST 12,
,,363,JLN MA'MOR,
,,365,TAMPINES ST 44,
,,334,TAMPINES ST 43,
,,323,BISHAN ST 13,
,,322,JLN DUSUN,
,,326,YISHUN AVE 2,
,,314,JOO CHIAT RD,
,,312,EAST COAST RD,
,,354,REDHILL RD,
,,506,KIM PONG RD,
,,305,RACE COURSE RD,
,,306,KRETA AYER RD,
,,303,HOUGANG ST 61,
,,431,TESSENSOHN RD,
,,339,MARSILING RD,
,,515,YISHUN ST 81,
,,520,BT BATOK ST 51,
,,703,BT BATOK WEST AVE 4,
,,704,BT BATOK WEST AVE 2,
,,711,JURONG WEST ST 91,
,,705,JURONG WEST ST 81,
,,731,GANGSA RD,
,,728,MCNAIR RD,
,,706,SIMEI ST 4,
,,411,YISHUN AVE 7,
,,315,SERANGOON NTH AVE 2,
,,311,YISHUN AVE 11,
,,301,BANGKIT RD,
,,729,JURONG WEST ST 73,
,,371,OUTRAM HILL,
,,415,HOUGANG AVE 6,
,,413,PASIR RIS ST 12,
,,337,PENDING RD,
,,717,PETIR RD,
,,723,LOR 3 GEYLANG,
,,201,BISHAN ST 11,
,,81,PASIR RIS DR 6,
,,45,BISHAN ST 23,
,,85,JURONG WEST ST 92,
,,98,PASIR RIS ST 11,
,,99,YISHUN CTRL,
,,65,BISHAN ST 22,
,,23,SIMEI RD,
,,67,TAMPINES ST 84,
,,49,BT PANJANG RING RD,
,,39,JURONG WEST ST 93,
,,38,FAJAR RD,
,,17,WOODLANDS ST 81,
,,319,CHOA CHU KANG CTRL,
,,318,PASIR RIS ST 51,
,,327,HOUGANG ST 52,
,,410,CASHEW RD,
,,239,TOH YI DR,
,,154,HOUGANG CTRL,
,,341,KG KAYU RD,
,,352,TAMPINES AVE 8,
,,251,TAMPINES ST 45,
,,302,SIMEI ST 2,
,,234,WOODLANDS AVE 3,
,,237,LENGKONG TIGA,
,,233,WOODLANDS ST 82,
,,242,SERANGOON NTH AVE 4,
,,243,SERANGOON CTRL DR,
,,257,BRIGHT HILL DR,
,,210,SAUJANA RD,
,,208,CHOA CHU KANG AVE 3,
,,316,TAMPINES AVE 9,
,,408,JURONG WEST ST 51,
,,240,YUNG HO RD,
,,331,SERANGOON AVE 1,
,,406,PASIR RIS ST 41,
,,167,GEYLANG EAST AVE 2,
,,168,CHOA CHU KANG AVE 2,
,,170,KIM KEAT LINK,
,,172,PASIR RIS DR 4,
,,185,PASIR RIS ST 21,
,,186,SENG POH RD,
,,187,HOUGANG ST 51,
,,212,JURONG WEST ST 72,
,,215,JURONG WEST ST 71,
,,516,PASIR RIS ST 52,
,,511,TAMPINES ST 32,
,,457,CHOA CHU KANG AVE 4,
,,490,CHOA CHU KANG LOOP,
,,489,JLN TENAGA,
,,487,TAMPINES CTRL 1,
,,485,TAMPINES ST 33,
,,476,BT BATOK WEST AVE 7,
,,477,JURONG WEST AVE 5,
,,527,TAMPINES AVE 7,
,,535,WOODLANDS ST 83,
,,484,CHOA CHU KANG ST 51,
,,491,PASIR RIS DR 3,
,,481,YISHUN CTRL 1,
,,217,CHOA CHU KANG AVE 1,
,,448,WOODLANDS ST 31,
,,446,BT MERAH LANE 1,
,,447,PASIR RIS ST 13,
,,554,ELIAS RD,
,,551,BISHAN ST 24,
,,458,WHAMPOA RD,
,,436,WOODLANDS ST 41,
,,452,PASIR RIS ST 71,
,,539,JURONG WEST ST 74,
,,198,PASIR RIS DR 1,
,,203,PASIR RIS ST 72,
,,407,PASIR RIS DR 10,
,,469,CHOA CHU KANG ST 52,
,,468,CLARENCE LANE,
,,801,CHOA CHU KANG NTH 6,
,,97,PASIR RIS ST 53,
,,11,CHOA CHU KANG NTH 5,
,,68,ANG MO KIO ST 21,
,,94,JLN DAMAI,
,,14,CHOA CHU KANG ST 62,
,,84,WOODLANDS AVE 5,
,,83,WOODLANDS DR 50,
,,52,CHOA CHU KANG ST 53,
,,807,TAMPINES ST 72,
,,461,UPP SERANGOON RD,
,,32,JURONG WEST ST 75,
,,171,STRATHMORE AVE,
,,173,ANG MO KIO ST 31,
,,88,TAMPINES ST 34,
,,86,YUNG AN RD,
,,74,WOODLANDS AVE 4,
,,25,CHOA CHU KANG NTH 7,
,,267,ANG MO KIO ST 11,
,,269,WOODLANDS AVE 9,
,,924,YUNG LOH RD,
,,925,CHOA CHU KANG DR,
,,817,CHOA CHU KANG ST 54,
,,818,REDHILL LANE,
,,808,KANG CHING RD,
,,809,TAH CHING RD,
,,285,SIMEI ST 5,
,,287,WOODLANDS DR 40,
,,274,WOODLANDS DR 70,
,,291,TAMPINES ST 71,
,,293,WOODLANDS DR 42,
,,262,SERANGOON NTH AVE 3,
,,914,JELAPANG RD,
,,250,BT BATOK ST 22,
,,226,HOUGANG ST 91,
,,236,WOODLANDS AVE 6,
,,270,WOODLANDS CIRCLE,
,,420,CORPORATION DR,
,,157,LOMPANG RD,
,,820,WOODLANDS DR 72,
,,819,CHOA CHU KANG ST 64,
,,813,BT BATOK ST 24,
,,810,JLN TECK WHYE,
,,266,WOODLANDS CRES,
,,265,WOODLANDS DR 60,
,,286,CHANGI VILLAGE RD,
,,272,BT BATOK ST 25,
,,275,HOUGANG AVE 9,
,,295,JURONG WEST CTRL 1,
,,261,WOODLANDS RING RD,
,,913,CHOA CHU KANG AVE 5,
,,910,TOH GUAN RD,
,,253,JURONG WEST ST 61,
,,277,WOODLANDS DR 14,
,,928,HOUGANG ST 92,
,,832,CHOA CHU KANG CRES,
,,838,SEMBAWANG CL,
,,839,CANBERRA RD,
,,159,SEMBAWANG CRES,
,,812,SEMBAWANG VISTA,
,,811,COMPASSVALE WALK,
,,294,RIVERVALE ST,
,,432,WOODLANDS DR 62,
,,816,SEMBAWANG DR,
,,289,WOODLANDS DR 53,
,,298,WOODLANDS DR 52,
,,912,RIVERVALE WALK,
,,278,COMPASSVALE LANE,
,,279,RIVERVALE DR,
,,245,SENJA RD,
,,149,JURONG WEST ST 65,
,,148,RIVERVALE CRES,
,,91,WOODLANDS DR 44,
,,27,COMPASSVALE DR,
,,85A,WOODLANDS DR 16,
,,85B,COMPASSVALE RD,
,,206,WOODLANDS DR 73,
,,193,HOUGANG ST 31,
,,200,JURONG WEST ST 64,
,,1A,WOODLANDS DR 71,
,,162,YISHUN ST 20,
,,701,ADMIRALTY DR,
,,736,COMPASSVALE ST,
,,742,BEDOK RESERVOIR VIEW,
,,276,YUNG SHENG RD,
,,751,ADMIRALTY LINK,
,,752,SENGKANG EAST WAY,
,,733,ANG MO KIO ST 32,
,,740,ANG MO KIO ST 52,
,,280,BOON TIONG RD,
,,772,JURONG WEST ST 62,
,,229,ANCHORVALE LINK,
,,238,CANBERRA LINK,
,,255,COMPASSVALE CRES,
,,256,CLEMENTI ST 12,
,,328,MONTREAL DR,
,,348,WELLINGTON CIRCLE,
,,571,SENGKANG EAST RD,
,,584,JURONG WEST AVE 3,
,,454,ANCHORVALE LANE,
,,575,SENJA LINK,
,,561,EDGEFIELD PLAINS,
,,512,ANCHORVALE DR,
,,523,SEGAR RD,
,,644,FARRER PK RD,
,,621,PUNGGOL FIELD,
,,625,EDGEDALE PLAINS,
,,155,ANCHORVALE RD,
,,470,CANTONMENT CL,
,,565,JLN MEMBINA,
,,546,FERNVALE LANE,
,,612,JURONG WEST ST 25,
,,648,CLEMENTI ST 11,
,,70,PUNGGOL FIELD WALK,
,,122,KLANG LANE,
,,426,PUNGGOL CTRL,
,,530,JELEBU RD,
,,519,BUANGKOK CRES,
,,526,WOODLANDS DR 75,
,,626,BT BATOK WEST AVE 5,
,,709,JELLICOE RD,
,,719,PUNGGOL DR,
,,207,JURONG WEST ST 24,
,,175,SEMBAWANG WAY,
,,249,FERNVALE RD,
,,260,BUANGKOK LINK,
,,183,FERNVALE LINK,
,,641,JLN TIGA,
,,362,YUAN CHING RD,
,,409,COMPASSVALE LINK,
,,429,MARINE PARADE CTRL,
,,518,COMPASSVALE BOW,
,,449,PUNGGOL RD,
,,379,BEDOK CTRL,
,,359,PUNGGOL EAST,
,,347,SENGKANG CTRL,
,,342,TAMPINES CTRL 7,
,,340,SENGKANG WEST AVE,
,,846,PUNGGOL PL,
,,317,CANTONMENT RD,
,,321,GHIM MOH LINK,
,,325,SIMEI LANE,
,,357,YISHUN ST 41,
,,241,TELOK BLANGAH ST 31,
,,225A,JLN KAYU,
,,462,LOR 1A TOA PAYOH,
,,475,PUNGGOL WALK,
,,528,SENGKANG WEST WAY,
,,480,BUANGKOK GREEN,
,,514,PUNGGOL WAY,
,,437,YISHUN ST 31,
,,451,TECK WHYE CRES,
,,486,MONTREAL LINK,
,,199,UPP SERANGOON CRES,
,,64,SUMANG LINK,
,,153,SENGKANG EAST AVE,
,,90,YISHUN AVE 1,
,,224,ANCHORVALE CRES,
,,814,ANCHORVALE ST,
,,283,TAMPINES CTRL 8,
,,297,YISHUN ST 51,
,,848,UPP SERANGOON VIEW,
,,831,TAMPINES AVE 1,
,,281,BEDOK RESERVOIR CRES,
,,273,ANG MO KIO ST 61,
,,916,DAWSON RD,
,,902,FERNVALE ST,
,,921,HOUGANG ST 32,
,,934,TAMPINES ST 86,
,,268,SUMANG WALK,
,,805,CHOA CHU KANG AVE 7,
,,833,KEAT HONG CL,
,,804,JURONG WEST CTRL 3,
,,903,KEAT HONG LINK,
,,932,ALJUNIED AVE 2,
,,151,CANBERRA CRES,
,,147,SUMANG LANE,
,,85C,CANBERRA ST,
,,174,ANG MO KIO ST 44,
,,195,WOODLANDS RISE,
,,222,CANBERRA WALK,
,,741,ANG MO KIO ST 51,
,,756,BT BATOK EAST AVE 6,
,,390,BT BATOK WEST AVE 9,
,,737,TAMPINES ST 61,
,,726,YISHUN ST 43,
,,358,,
,,421,,
,,445,,
,,587,,
,,464,,
,,557,,
,,549,,
,,624,,
,,631,,
,,572,,
,,563,,
,,552,,
,,522,,
,,614,,
,,715,,
,,714,,
,,144,,
,,335A,,
,,661,,
,,269B,,
,,634,,
,,730,,
,,338,,
,,349,,
,,351,,
,,353,,
,,246,,
,,521,,
,,488,,
,,478,,
,,555,,
,,556,,
,,27A,,
,,23A,,
,,907,,
,,282,,
,,292,,
,,935,,
,,263,,
,,933,,
,,926,,
,,922,,
,,191,,
,,732,,
,,158,,
,,727,,
,,721,,
,,284,,
,,759,,
,,858,,
,,576,,
,,578,,
,,541,,
,,623,,
,,332,,
,,423,,
,,176,,
,,181,,
,,668,,
,,364,,
,,374,,
,,350,,
,,373,,
,,381,,
,,355,,
,,219A,,
,,531,,
,,483,,
,,553,,
,,909,,
,,930,,
,,915,,
,,911,,
,,931,,
,,815,,
,,194,,
,,2A,,
,,754,,
,,749,,
,,618,,
,,92,,
,,628,,
,,472,,
,,39A,,
,,23B,,
,,806,,
,,837,,
,,290,,
,,296,,
,,857,,
,,735,,
,,746,,
,,649,,
,,635,,
,,636,,
,,367,,
,,360,,
,,376,,
,,854,,
,,288,,
,,747,,
,,738,,
,,768,,
,,757,,
,,467,,
,,562,,
,,617,,
,,627,,
,,361,,
,,368,,
,,370,,
,,479,,
,,168A,,
,,852,,
,,745,,
,,771,,
,,766,,
,,773,,
,,755,,
,,758,,
,,577,,
,,619,,
,,720,,
,,377,,
,,356,,
,,842,,
,,453,,
,,803,,
,,937,,
,,762,,
,,739,,
,,774,,
,,760,,
,,366,,
,,269A,,
,,375,,
,,844,,
,,48A,,
,,734,,
,,778,,
,,197,,
,,369,,
,,322A,,
,,929,,
,,830,,
,,856,,
,,764,,
,,744,,
,,684,,
,,908,,
,,765,,
,,686,,
,,683,,
,,840,,
,,783,,
,,784,,
,,750,,
,,770,,
,,495,,
,,835,,
,,685,,
,,682,,
,,853,,
,,753,,
,,781,,
,,775,,
,,657,,
,,776,,
,,498,,
,,824,,
,,847,,
,,378,,
,,645,,
,,221A,,
,,681,,
,,841,,
,,782,,
,,388,,
,,269C,,
,,674,,
,,675,,
,,845,,
,,851,,
,,785,,
,,372,,
,,673,,
,,482,,
,,836,,
,,788,,
,,189,,
,,829,,
,,843,,
,,800,,
,,629,,
,,630,,
,,676,,
,,201D,,
,,761,,
,,655,,
,,794,,
,,790,,
,,689,,
,,492,,
,,748,,
,,795,,
,,796,,
,,799,,
,,196,,
,,696,,
,,849,,
,,798,,
,,791,,
,,494,,
,,897,,
,,855,,
,,802,,
,,779,,
,,190,,
,,688,,
,,658,,
,,660,,
,,687,,
,,697,,
,,827,,
,,777,,
,,743,,
,,651,,
,,647,,
,,695,,
,,698,,
,,693,,
,,694,,
,,665,,
,,828,,
,,906,,
,,653,,
,,867,,
,,667,,
,,680,,
,,763,,
,,780,,
,,671,,
,,690,,
,,883,,
,,792,,
,,192,,
,,669,,
,,977,,
,,201E,,
,,944,,
,,691,,
,,917,,
,,825,,
,,895,,
,,672,,
,,650,,
,,884,,
,,821,,
,,881,,
,,885,,
,,882,,
,,393,,
,,394,,
,,666A,,
,,656,,
,,399,,
,,386,,
,,391,,
,,666,,
,,652,,
,,215A,,
,,862,,
,,862A,,
,,864A,,
,,858A,,
,,863,,
,,860,,
,,659,,
,,868,,
,,857B,,
,,859,,
,,859A,,
,,860A,,
,,858B,,
,,861,,
,,397,,
,,786,,
,,787,,
,,826,,
,,877,,
,,834,,
,,876,,
,,864,,
,,678,,
,,898,,
,,878,,
,,857A,,
,,489A,,
,,767,,
,,872,,
,,880,,
,,874,,
,,380,,
,,677,,
,,860B,,
,,870,,
,,871,,
,,865,,
,,866,,
,,879,,
,,797,,
,,875,,
,,389,,
,,850,,
,,920,,
,,387,,
,,392,,
,,904,,
,,949,,
,,867A,,
,,395,,
,,396,,
,,822,,
,,863B,,
,,487A,,
,,886,,
,,873,,
,,670,,
,,899,,
,,898A,,
,,355A,,
,,692,,
,,978,,
,,897A,,
,,887,,
,,863A,,
,,133A,,
,,939,,
,,905,,
,,927,,
,,861A,,
,,894,,
,,350A,,
,,679,,
,,936,,
,,919,,
,,894A,,
,,899A,,
,,896,,
,,886A,,
,,188,,
,,923,,
,,201A,,
,,888,,
,,494C,,
,,895A,,
,,896A,,
,,938,,
,,654,,
,,943,,
,,940,,
,,942,,
,,398,,
,,769,,
,,966,,
,,945,,
,,889,,
,,941,,
,,795A,,
,,947,,
,,889A,,
,,871A,,
,,887A,,
,,946,,
,,874A,,
,,918,,
,,888A,,
,,869,,
,,976,,
,,979,,
,,567,,
,,485B,,
,,10F,,
,,150A,,
,,948,,
,,230C,,
,,230J,,
,,43A,,
,,953,,
,,488A,,
,,491B,,
,,492C,,
,,486B,,
,,495E,,
,,789,,
,,980,,
,,823,,
,,974,,
,,489C,,
,,496B,,
,,217A,,
,,965,,
,,975,,
,,880A,,
,,488B,,
,,495F,,
,,952,,
,,506B,,
,,496E,,
,,491F,,
,,94B,,
,,961,,
,,830A,,
,,842D,,
,,487B,,
,,491H,,
,,500,,
,,487C,,
,,494B,,
,,495A,,
,,950,,
,,495C,,
,,796A,,
,,640A,,
,,42A,,
,,382,,
,,664A,,
,,842E,,
,,94D,,
,,856B,,
,,568,,
,,485A,,
,,385,,
,,856E,,
,,506A,,
,,230E,,
,,663A,,
,,793,,
,,491C,,
,,645A,,
,,486C,,
,,497D,,
,,893D,,
,,636A,,
,,94C,,
,,497F,,
,,497J,,
,,633A,,
,,223A,,
,,637A,,
,,566,,
,,535A,,
,,496C,,
,,496D,,
,,10E,,
,,491A,,
,,496F,,
,,99C,,
,,569,,
,,496G,,
,,491D,,
,,493B,,
,,99B,,
,,101B,,
,,493D,,
,,493A,,
,,493C,,
,,495B,,
,,99A,,
,,94E,,
,,493E,,
,,491E,,
,,491G,,
,,492B,,
,,492D,,
,,101A,,
,,490A,,
,,384,,
,,230D,,
,,230F,,
,,230G,,
,,495D,,
,,230B,,
,,489B,,
,,383,,
,,230H,,
,,490B,,
,,486A,,
,,842B,,
,,842C,,
,,856C,,
,,828A,,
,,580,,
,,842F,,
,,842H,,
,,856D,,
,,172A,,
,,579,,
,,856F,,
,,700,,
,,842G,,
,,581,,
,,583,,
,,253A,,
,,10B,,
,,10C,,
,,10D,,
,,582,,
,,574,,
,,104A,,
,,497B,,
,,497A,,
,,7A,,
,,497C,,
,,497G,,
,,497H,,
,,80A,,
,,104B,,
,,450E,,
,,450C,,
,,82A,,
,,80B,,
,,450F,,
,,82B,,
,,124A,,
,,450D,,
,,894D,,
,,891A,,
,,450A,,
,,498E,,
,,498H,,
,,498J,,
,,498D,,
,,84B,,
,,81A,,
,,81B,,
,,894C,,
,,891B,,
,,124B,,
,,4C,,
,,450G,,
,,498B,,
,,498F,,
,,894B,,
,,892A,,
,,892B,,
,,498A,,
,,498G,,
,,498L,,
,,84A,,
,,4B,,
,,498M,,
,,893B,,
,,893C,,
,,893A,,
,,29A,,
,,367A,,
,,892,,
,,896C,,
,,896B,,
,,895C,,
,,897B,,
,,897C,,
,,299,,
,,899B,,
,,891,,
,,895B,,
,,898B,,
,,899C,,
,,30A,,
,,92A,,
,,893,,
,,290F,,
,,290B,,
,,290G,,
,,291A,,
,,290C,,
,,787B,,
,,786B,,
,,787E,,
,,786C,,
,,290D,,
,,291D,,
,,291B,,
,,290E,,
,,787D,,
,,786F,,
,,291E,,
,,290A,,
,,288D,,
,,288B,,
,,787C,,
,,786D,,
,,786E,,
,,613A,,
,,291C,,
,,289A,,
,,613B,,
,,289B,,
,,288A,,
,,484A,,
,,288G,,
,,287D,,
,,14B,,
,,288C,,
,,286A,,
,,285B,,
,,287C,,
,,286D,,
,,287A,,
,,286B,,
,,287B,,
,,286C,,
,,289D,,
,,285A,,
,,285D,,
,,59A,,
,,59B,,
,,3A,,
,,14A,,
,,289F,,
,,285C,,
,,59C,,
,,628B,,
,,289C,,
,,232A,,
,,628A,,
,,300,,
,,684C,,
,,288E,,
,,962,,
,,236A,,
,,625B,,
,,788E,,
,,484C,,
,,517C,,
,,502A,,
,,289E,,
,,289G,,
,,484B,,
,,484D,,
,,676A,,
,,671A,,
,,699B,,
,,224D,,
,,206A,,
,,234A,,
,,682A,,
,,624A,,
,,625A,,
,,788B,,
,,956,,
,,124C,,
,,624B,,
,,788C,,
,,288F,,
,,485D,,
,,296A,,
,,296E,,
,,673A,,
,,485C,,
,,670A,,
,,951,,
,,957,,
,,206C,,
,,224A,,
,,123D,,
,,205A,,
,,153A,,
,,296B,,
,,698A,,
,,958,,
,,123E,,
,,788D,,
,,699C,,
,,955,,
,,699,,
,,699A,,
,,206B,,
,,226A,,
,,223C,,
,,225B,,
,,296D,,
,,297D,,
,,672A,,
,,297C,,
,,954,,
,,964,,
,,959,,
,,223D,,
,,223B,,
,,224B,,
,,226B,,
,,297B,,
,,963,,
,,969,,
,,698B,,
,,339A,,
,,227A,,
,,205C,,
,,123A,,
,,123C,,
,,206D,,
,,228A,,
,,968,,
,,698D,,
,,228B,,
,,123B,,
,,224C,,
,,517E,,
,,667D,,
,,228C,,
,,297A,,
,,517A,,
,,517D,,
,,205B,,
,,682D,,
,,103B,,
,,970,,
,,960,,
,,698C,,
,,664C,,
,,192C,,
,,226C,,
,,683A,,
,,682C,,
,,682B,,
,,103A,,
,,106B,,
,,973,,
,,972,,
,,664B,,
,,664D,,
,,339B,,
,,227C,,
,,259B,,
,,116A,,
,,681A,,
,,681B,,
,,683D,,
,,683C,,
,,115A,,
,,106A,,
,,296C,,
,,660C,,
,,663D,,
,,667C,,
,,668B,,
,,668D,,
,,684A,,
,,650C,,
,,357A,,
,,188C,,
,,188D,,
,,116C,,
,,681D,,
,,683B,,
,,684D,,
,,672B,,
,,971,,
,,967,,
,,650A,,
,,667B,,
,,668A,,
,,668C,,
,,680C,,
,,681C,,
,,684B,,
,,685A,,
,,685B,,
,,663C,,
,,191B,,
,,116B,,
,,259C,,
,,250C,,
,,663B,,
,,667A,,
,,679C,,
,,685C,,
,,188A,,
,,117A,,
,,117B,,
,,186C,,
,,227D,,
,,188B,,
,,192B,,
,,63A,,
,,650B,,
,,648C,,
,,686C,,
,,360B,,
,,353A,,
,,292B,,
,,190B,,
,,227B,,
,,192A,,
,,117C,,
,,250A,,
,,648A,,
,,686A,,
,,648B,,
,,679B,,
,,665A,,
,,360C,,
,,121A,,
,,122E,,
,,260A,,
,,186D,,
,,119A,,
,,250B,,
,,250D,,
,,189C,,
,,596A,,
,,649A,,
,,686B,,
,,356C,,
,,185A,,
,,191A,,
,,186B,,
,,261B,,
,,185B,,
,,185C,,
,,261C,,
,,187B,,
,,261A,,
,,63B,,
,,674A,,
,,356B,,
,,257A,,
,,203A,,
,,187A,,
,,121B,,
,,302A,,
,,120C,,
,,225C,,
,,112A,,
,,660D,,
,,680B,,
,,669A,,
,,340B,,
,,190A,,
,,121C,,
,,257B,,
,,119B,,
,,120A,,
,,120B,,
,,203D,,
,,588,,
,,649B,,
,,356A,,
,,340A,,
,,504C,,
,,295C,,
,,203C,,
,,186A,,
,,121D,,
,,185D,,
,,119D,,
,,204C,,
,,109B,,
,,648D,,
,,669D,,
,,350B,,
,,357B,,
,,588C,,
,,204B,,
,,303B,,
,,119C,,
,,2C,,
,,503B,,
,,352C,,
,,357C,,
,,360A,,
,,501A,,
,,204A,,
,,298A,,
,,257C,,
,,258D,,
,,262D,,
,,596C,,
,,111A,,
,,112B,,
,,662B,,
,,662D,,
,,503C,,
,,359A,,
,,341B,,
,,353B,,
,,303A,,
,,201C,,
,,258A,,
,,259A,,
,,200D,,
,,298B,,
,,260C,,
,,261D,,
,,298D,,
,,700C,,
,,504B,,
,,467B,,
,,351C,,
,,501B,,
,,468D,,
,,468A,,
,,203E,,
,,262A,,
,,298C,,
,,115B,,
,,8B,,
,,8A,,
,,109A,,
,,659A,,
,,273D,,
,,669C,,
,,680A,,
,,504D,,
,,501C,,
,,467A,,
,,469B,,
,,359C,,
,,341A,,
,,359B,,
,,122D,,
,,303C,,
,,258B,,
,,203B,,
,,200A,,
,,200B,,
,,260B,,
,,311C,,
,,73A,,
,,111B,,
,,660A,,
,,661A,,
,,661B,,
,,661C,,
,,662A,,
,,659C,,
,,669B,,
,,176D,,
,,352A,,
,,469A,,
,,353C,,
,,354B,,
,,351B,,
,,501D,,
,,301A,,
,,201B,,
,,299B,,
,,660B,,
,,661D,,
,,659D,,
,,273A,,
,,679A,,
,,196B,,
,,174A,,
,,350C,,
,,351A,,
,,354C,,
,,307A,,
,,122A,,
,,316A,,
,,118A,,
,,74A,,
,,689A,,
,,657B,,
,,659B,,
,,652C,,
,,665B,,
,,126A,,
,,307C,,
,,311A,,
,,305D,,
,,260D,,
,,115C,,
,,315A,,
,,596D,,
,,651A,,
,,126C,,
,,468C,,
,,305A,,
,,305C,,
,,306C,,
,,299A,,
,,301B,,
,,299C,,
,,122C,,
,,131B,,
,,131C,,
,,651B,,
,,662C,,
,,666B,,
,,507D,,
,,305B,,
,,307D,,
,,308A,,
,,308B,,
,,404B,,
,,321C,,
,,308C,,
,,183B,,
,,309A,,
,,268A,,
,,274D,,
,,657A,,
,,196D,,
,,354A,,
,,507C,,
,,468B,,
,,304B,,
,,183D,,
,,301D,,
,,319B,,
,,322C,,
,,189A,,
,,189B,,
,,700A,,
,,273B,,
,,273C,,
,,275B,,
,,276A,,
,,275D,,
,,109C,,
,,507A,,
,,507B,,
,,352B,,
,,351D,,
,,301C,,
,,292A,,
,,258C,,
,,323C,,
,,5A,,
,,688A,,
,,687D,,
,,268B,,
,,268C,,
,,275A,,
,,174D,,
,,128B,,
,,354D,,
,,322B,,
,,304A,,
,,306A,,
,,295A,,
,,202C,,
,,320A,,
,,325A,,
,,317C,,
,,589,,
,,700B,,
,,671B,,
,,688C,,
,,689B,,
,,276C,,
,,658D,,
,,105A,,
,,321B,,
,,295B,,
,,309C,,
,,158A,,
,,202B,,
,,688B,,
,,176B,,
,,102C,,
,,162B,,
,,589C,,
,,588A,,
,,320B,,
,,122B,,
,,687B,,
,,692B,,
,,658B,,
,,656A,,
,,106D,,
,,589D,,
,,309B,,
,,312B,,
,,596B,,
,,979B,,
,,980B,,
,,673C,,
,,652B,,
,,126D,,
,,172B,,
,,323A,,
,,324A,,
,,311D,,
,,309D,,
,,319C,,
,,320D,,
,,321A,,
,,183A,,
,,323B,,
,,315C,,
,,687C,,
,,690C,,
,,276B,,
,,674B,,
,,652A,,
,,653C,,
,,658C,,
,,126B,,
,,199C,,
,,175A,,
,,311B,,
,,314C,,
,,314B,,
,,689F,,
,,673B,,
,,658A,,
,,175C,,
,,128A,,
,,128C,,
,,324B,,
,,325C,,
,,313B,,
,,318A,,
,,318C,,
,,157A,,
,,157D,,
,,689E,,
,,686D,,
,,687A,,
,,980C,,
,,276D,,
,,275C,,
,,656C,,
,,102B,,
,,196C,,
,,589A,,
,,589B,,
,,184C,,
,,317A,,
,,317B,,
,,690A,,
,,655A,,
,,171C,,
,,196A,,
,,199D,,
,,173C,,
,,166A,,
,,171B,,
,,105D,,
,,101C,,
,,197A,,
,,199A,,
,,199B,,
,,110D,,
,,173D,,
,,128D,,
,,509B,,
,,183C,,
,,317D,,
,,325B,,
,,314A,,
,,313A,,
,,310A,,
,,158D,,
,,302D,,
,,262B,,
,,689C,,
,,315B,,
,,655B,,
,,107B,,
,,102D,,
,,105B,,
,,175D,,
,,324D,,
,,318D,,
,,310B,,
,,403A,,
,,158C,,
,,118B,,
,,118C,,
,,690D,,
,,980A,,
,,108C,,
,,171A,,
,,101D,,
,,110B,,
,,107C,,
,,107D,,
,,110C,,
,,641C,,
,,319A,,
,,184A,,
,,159A,,
,,163B,,
,,642A,,
,,105C,,
,,176C,,
,,106C,,
,,163A,,
,,184B,,
,,313C,,
,,157B,,
,,979A,,
,,980D,,
,,656B,,
,,653A,,
,,102A,,
,,175B,,
,,174B,,
,,320C,,
,,764A,,
,,118D,,
,,692A,,
,,691B,,
,,981C,,
,,656D,,
,,638B,,
,,638C,,
,,642B,,
,,690B,,
,,978D,,
,,978C,,
,,174C,,
,,109D,,
,,197B,,
,,77A,,
,,981A,,
,,653B,,
,,271C,,
,,108B,,
,,161B,,
,,172C,,
,,637B,,
,,493,,
,,314D,,
,,318B,,
,,689D,,
,,691A,,
,,271A,,
,,271D,,
,,642D,,
,,173A,,
,,173B,,
,,641A,,
,,509A,,
,,403C,,
,,407B,,
,,157C,,
,,690F,,
,,981B,,
,,107A,,
,,316B,,
,,690E,,
,,17A,,
,,984A,,
,,271B,,
,,272B,,
,,161A,,
,,176A,,
,,110A,,
,,412A,,
,,688E,,
,,272C,,
,,272D,,
,,313D,,
,,158B,,
,,979C,,
,,272A,,
,,638A,,
,,504A,,
,,588B,,
,,413B,,
,,688F,,
,,4A,,
,,642C,,
,,103C,,
,,160B,,
,,637D,,
,,312A,,
,,406B,,
,,654A,,
,,654B,,
,,162A,,
,,641B,,
,,207B,,
,,316C,,
,,405C,,
,,406C,,
,,403B,,
,,408B,,
,,985B,,
,,984D,,
,,508C,,
,,207D,,
,,407A,,
,,688D,,
,,984C,,
,,985A,,
,,984B,,
,,637C,,
,,207A,,
,,981D,,
,,466A,,
,,510B,,
,,412B,,
,,413A,,
,,202A,,
,,654C,,
,,160A,,
,,510A,,
,,404A,,
,,406A,,
,,466B,,
,,503A,,
,,671C,,
,,268D,,
,,405B,,
,,204D,,
,,324C,,
,,166B,,
,,262C,,
,,207C,,
,,306B,,
,,403D,,
,,409A,,
,,165A,,
,,508B,,
,,274A,,
,,466C,,
,,165B,,
,,508A,,
,,466D,,
,,408A,,
,,405A,,
,,409B,,
,,265B,,
,,267A,,
,,6A,,
,,3C,,
,,3D,,
,,75A,,
,,265C,,
,,269D,,
,,408C,,
,,2D,,
,,274C,,
,,266A,,
,,265D,,
,,302C,,
,,307B,,
,,267B,,
,,6B,,
,,76A,,
,,636B,,
,,264F,,
,,2B,,
,,3B,,
,,265A,,
,,26A,,
,,677B,,
,,986C,,
,,675A,,
,,195D,,
,,265E,,
,,264C,,
,,25B,,
,,989D,,
,,987D,,
,,195C,,
,,75B,,
,,987C,,
,,337C,,
,,678C,,
,,988A,,
,,274B,,
,,266B,,
,,264E,,
,,986A,,
,,195B,,
,,28B,,
,,266C,,
,,195A,,
,,220A,,
,,990A,,
,,264B,,
,,79B,,
,,195E,,
,,264A,,
,,264D,,
,,632B,,
,,633B,,
,,27B,,
,,221B,,
,,25A,,
,,26D,,
,,989A,,
,,987B,,
,,79C,,
,,79E,,
,,26B,,
,,436B,,
,,990C,,
,,986B,,
,,635B,,
,,167D,,
,,220C,,
,,26C,,
,,987A,,
,,632A,,
,,989B,,
,,632C,,
,,79A,,
,,677A,,
,,220B,,
,,75C,,
,,990B,,
,,678B,,
,,635A,,
,,635C,,
,,226E,,
,,436C,,
,,277B,,
,,79D,,
,,678D,,
,,676B,,
,,167C,,
,,436D,,
,,675B,,
,,167B,,
,,302B,,
,,436A,,
,,167A,,
,,988B,,
,,988C,,
,,168B,,
,,989C,,
,,277C,,
,,677C,,
,,219B,,
,,28D,,
,,277A,,
,,221C,,
,,219C,,
,,678A,,
,,270A,,
,,277D,,
,,337A,,
,,28C,,
,,337D,,
,,219D,,
,,338A,,
,,28A,,
,,18A,,
,,18D,,
,,441B,,
,,515A,,
,,515B,,
,,518C,,
,,515C,,
,,515D,,
,,18C,,
,,518B,,
,,518A,,
,,18B,,
,,518D,,
,,438A,,
,,61C,,
,,62A,,
,,439A,,
,,438B,,
,,61A,,
,,62B,,
,,439B,,
,,38B,,
,,303D,,
,,208B,,
,,1F,,
,,337B,,
,,38A,,
,,439C,,
,,208A,,
,,1C,,
,,1B,,
,,1E,,
,,38D,,
,,61B,,
,,209A,,
,,1G,,
,,1D,,
,,441A,,
,,338B,,
,,339D,,
,,209C,,
,,441C,,
,,441D,,
,,310C,,
,,339C,,
,,601C,,
,,209B,,
,,127D,,
,,602A,,
,,38C,,
,,601D,,
,,604B,,
,,601A,,
,,603A,,
,,443A,,
,,127A,,
,,602C,,
,,602B,,
,,306D,,
,,603B,,
,,603C,,
,,410A,,
,,211D,,
,,210B,,
,,210A,,
,,410C,,
,,601B,,
,,604C,,
,,614B,,
,,613D,,
,,443C,,
,,443B,,
,,210C,,
,,211A,,
,,127C,,
,,604A,,
,,612A,,
,,411A,,
,,411B,,
,,410B,,
,,168C,,
,,168D,,
,,612D,,
,,613C,,
,,615C,,
,,614A,,
,,213B,,
,,212C,,
,,213A,,
,,445B,,
,,445A,,
,,615B,,
,,211B,,
,,612C,,
,,211C,,
,,212B,,
,,212A,,
,,615A,,
,,612B,,
,,588D,,
,,267C,,
,,270B,,
,,270C,,
,,80C,,
,,476C,,
,,617C,,
,,618B,,
,,435A,,
,,434A,,
,,617B,,
,,446C,,
,,476B,,
,,617D,,
,,434B,,
,,435B,,
,,619C,,
,,619A,,
,,618C,,
,,447A,,
,,435C,,
,,572B,,
,,12B,,
,,476A,,
,,476D,,
,,618D,,
,,618A,,
,,619B,,
,,12A,,
,,12C,,
,,138B,,
,,623C,,
,,623A,,
,,619D,,
,,624C,,
,,446B,,
,,139A,,
,,138A,,
,,570C,,
,,633C,,
,,623B,,
,,447B,,
,,138C,,
,,139B,,
,,169B,,
,,570A,,
,,570B,,
,,633D,,
,,622A,,
,,617A,,
,,571A,,
,,169C,,
,,571C,,
,,571B,,
,,181A,,
,,622B,,
,,170C,,
,,208C,,
,,170B,,
,,169A,,
,,572A,,
,,180A,,
,,622C,,
,,499B,,
,,180B,,
,,180C,,
,,170A,,
,,450B,,
,,178D,,
,,448A,,
,,430D,,
,,499A,,
,,887C,,
,,181B,,
,,180D,,
,,430C,,
,,433B,,
,,432B,,
,,178A,,
,,886D,,
,,448B,,
,,887B,,
,,886C,,
,,9B,,
,,430A,,
,,430B,,
,,886B,,
,,9A,,
,,213C,,
,,178B,,
,,433A,,
,,432A,,
,,10A,,
,,463B,,
,,178C,,
,,426A,,
,,347A,,
,,463C,,
,,451A,,
,,348D,,
,,426C,,
,,336B,,
,,426D,,
,,336C,,
,,463A,,
,,426B,,
,,428B,,
,,452B,,
,,452A,,
,,782A,,
,,348A,,
,,347B,,
,,348C,,
,,590A,,
,,451B,,
,,326A,,
,,780B,,
,,782D,,
,,782B,,
,,348B,,
,,546B,,
,,266D,,
,,591A,,
,,592B,,
,,593A,,
,,592C,,
,,780E,,
,,424D,,
,,335C,,
,,336A,,
,,546A,,
,,471A,,
,,197C,,
,,592A,,
,,590B,,
,,326B,,
,,327A,,
,,327C,,
,,282B,,
,,281B,,
,,282A,,
,,522A,,
,,522C,,
,,782C,,
,,780A,,
,,780C,,
,,780D,,
,,424A,,
,,333B,,
,,333A,,
,,334B,,
,,547D,,
,,547A,,
,,546C,,
,,470A,,
,,470C,,
,,471B,,
,,593B,,
,,590C,,
,,281A,,
,,332C,,
,,327B,,
,,332A,,
,,332B,,
,,333D,,
,,280A,,
,,869A,,
,,869B,,
,,780F,,
,,424C,,
,,428A,,
,,431C,,
,,431B,,
,,547B,,
,,470B,,
,,197D,,
,,312C,,
,,453B,,
,,334A,,
,,326C,,
,,333C,,
,,280B,,
,,282C,,
,,868A,,
,,522B,,
,,782E,,
,,424B,,
,,429B,,
,,431D,,
,,334C,,
,,432D,,
,,432C,,
,,527A,,
,,453A,,
,,331C,,
,,279C,,
,,326D,,
,,868C,,
,,523B,,
,,523C,,
,,342B,,
,,334D,,
,,526A,,
,,525C,,
,,524A,,
,,453D,,
,,279A,,
,,440A,,
,,329A,,
,,453C,,
,,279B,,
,,519C,,
,,431A,,
,,547C,,
,,527B,,
,,440C,,
,,329B,,
,,440B,,
,,331B,,
,,524B,,
,,520A,,
,,519B,,
,,523A,,
,,519D,,
,,342C,,
,,550B,,
,,528B,,
,,525A,,
,,526D,,
,,526B,,
,,520C,,
,,523D,,
,,548B,,
,,549B,,
,,634A,,
,,549A,,
,,528A,,
,,525B,,
,,526C,,
,,330B,,
,,331A,,
,,336D,,
,,890C,,
,,890A,,
,,519A,,
,,429A,,
,,505C,,
,,747A,,
,,748A,,
,,748C,,
,,747B,,
,,550A,,
,,475C,,
,,475B,,
,,138D,,
,,527C,,
,,528C,,
,,672D,,
,,330A,,
,,890B,,
,,342A,,
,,505B,,
,,505D,,
,,634B,,
,,477A,,
,,475D,,
,,524C,,
,,416B,,
,,414A,,
,,494E,,
,,505A,,
,,748B,,
,,747C,,
,,475A,,
,,477B,,
,,527D,,
,,672C,,
,,414B,,
,,416C,,
,,415B,,
,,548A,,
,,636C,,
,,477C,,
,,415A,,
,,416A,,
,,415C,,
,,472C,,
,,494D,,
,,807B,,
,,665C,,
,,489D,,
,,490D,,
,,471C,,
,,472A,,
,,807A,,
,,488C,,
,,469C,,
,,442D,,
,,490C,,
,,376A,,
,,376B,,
,,530C,,
,,670C,,
,,807C,,
,,808A,,
,,443D,,
,,488D,,
,,17B,,
,,670B,,
,,472B,,
,,293D,,
,,871C,,
,,808C,,
,,96A,,
,,442B,,
,,442C,,
,,256C,,
,,256D,,
,,868B,,
,,376C,,
,,530B,,
,,530A,,
,,473A,,
,,294A,,
,,164A,,
,,808B,,
,,95C,,
,,815A,,
,,256B,,
,,256A,,
,,164B,,
,,293A,,
,,164C,,
,,870A,,
,,871B,,
,,809B,,
,,803A,,
,,805A,,
,,808D,,
,,809A,,
,,530D,,
,,676C,,
,,293C,,
,,216A,,
,,520B,,
,,889C,,
,,697A,,
,,676D,,
,,316D,,
,,163C,,
,,293B,,
,,215B,,
,,889B,,
,,96B,,
,,70A,,
,,803B,,
,,804A,,
,,815C,,
,,697B,,
,,677D,,
,,216B,,
,,889D,,
,,95B,,
,,70B,,
,,804B,,
,,815B,,
,,473B,,
,,8C,,
,,162C,,
,,95A,,
,,811A,,
,,803C,,
,,816A,,
,,805B,,
,,816B,,
,,473C,,
,,217C,,
,,217B,,
,,878B,,
,,717B,,
,,511A,,
,,70C,,
,,803D,,
,,810A,,
,,473D,,
,,217D,,
,,506C,,
,,511B,,
,,817A,,
,,805C,,
,,817B,,
,,278B,,
,,717A,,
,,194B,,
,,194A,,
,,810B,,
,,812C,,
,,805D,,
,,802A,,
,,801A,,
,,216C,,
,,278A,,
,,879B,,
,,878A,,
,,512A,,
,,801C,,
,,801B,,
,,818B,,
,,812B,,
,,932B,,
,,216D,,
,,511C,,
,,818A,,
,,812A,,
,,818C,,
,,811B,,
,,801D,,
,,817C,,
,,932A,,
,,364B,,
,,697C,,
,,879A,,
,,512B,,
,,802B,,
,,365A,,
,,364A,,
,,365B,,
,,113C,,
,,933A,,
,,113D,,
,,512C,,
,,802C,,
,,365C,,
,,113B,,
,,113A,,
,,278C,,
,,365D,,
,,218C,,
,,509C,,
,,502B,,
,,813A,,
,,502D,,
,,455C,,
,,218B,,
,,502C,,
,,455A,,
,,455B,,
,,120D,,
,,418A,,
,,813B,,
,,513A,,
,,561A,,
,,218D,,
,,561B,,
,,222A,,
,,130B,,
,,130A,,
,,129A,,
,,574B,,
,,785B,,
,,226F,,
,,560A,,
,,218A,,
,,129C,,
,,338C,,
,,785C,,
,,513D,,
,,513B,,
,,104D,,
,,338D,,
,,784C,,
,,785D,,
,,513C,,
,,129B,,
,,418B,,
,,784A,,
,,675D,,
,,675C,,
,,418C,,
,,417A,,
,,131A,,
,,574A,,
,,573A,,
,,784B,,
,,693A,,
,,783A,,
,,231B,,
,,108A,,
,,573C,,
,,691D,,
,,573B,,
,,691C,,
,,783C,,
,,783D,,
,,91A,,
,,231A,,
,,104C,,
,,115D,,
,,492G,,
,,783B,,
,,694A,,
,,693B,,
,,449B,,
,,446A,,
,,448C,,
,,694D,,
,,694B,,
,,440D,,
,,292C,,
,,93A,,
,,90B,,
,,233B,,
,,234B,,
,,694C,,
,,693C,,
,,449A,,
,,93B,,
,,92B,,
,,90A,,
,,997A,,
,,997C,,
,,997B,,
,,233A,,
,,232C,,
,,233C,,
,,232B,,
,,494G,,
,,494H,,
,,442A,,
,,363A,,
,,494J,,
,,322D,,
,,362C,,
,,140B,,
,,366A,,
,,363B,,
,,140A,,
,,362B,,
,,362A,,
,,366B,,
,,992B,,
,,461A,,
,,461D,,
,,998B,,
,,991A,,
,,992A,,
,,140D,,
,,140C,,
,,996A,,
,,996B,,
,,998A,,
,,991B,,
,,182A,,
,,462A,,
,,461C,,
,,461B,,
,,995A,,
,,996C,,
,,182B,,
,,462C,,
,,462B,,
,,995C,,
,,995B,,
,,999B,,
,,323D,,
,,606B,,
,,462D,,
,,605B,,
,,605A,,
,,605C,,
,,437A,,
,,460A,,
,,606A,,
,,606D,,
,,438C,,
,,606C,,
,,605D,,
,,460B,,
,,83B,,
,,460C,,
,,240A,,
